variable,PC1,PC2,PC3,PC4,PC5,PC6,PC7,PC8,PC9,PC10,PC11,PC12,PC13,PC14,PC15,PC16,PC17,PC18,PC19,PC20,PC21,PC22,PC23,PC24,PC25
1,-0.013448046434422474,-0.042978227915425916,-0.7015662740351006,-0.047737377734224616,-0.036971443461890116,0.012157848380259857,0.04194763032869933,0.004806695063837178,0.002851557560049649,0.706673339954351,-0.025730411890329548,0.005187827259359734,8.608463163599942e-05,-0.010466603282318356,-0.0005895867445306259,0.0005644143416251032,-0.001434354625464116,-0.0012194592790807735,0.0011076633788283674,0.0007120868269937354,-0.0007031899184840518,0.0003068653283598555,0.00019797190605861786,0.000262982761447349,0.00010827220066074618
2,0.0076981253464809924,0.042378518729901386,0.7009944315767397,0.024963475332134055,0.0671442858923878,-0.07048469111808434,0.007992450850260433,-0.010142846267829873,0.003898723191651314,0.7035368685513416,-0.03200954173090567,0.006958103790057035,0.01879680623477478,0.0076691944195231235,0.002109088321209874,-0.0010925685744386008,-0.002848422410578092,0.0006415408037886139,-0.0020941086497592194,0.0006966408119441322,-0.001062850511043697,0.00011263827941721133,0.0007482787327410531,-1.717279888031968e-05,-1.7698960774242238e-05
3,0.2643588341263451,-0.13171942159299213,-0.004122246793949998,0.036896657687018594,0.11269302934204585,-0.0036061386586184003,0.0014949513059795713,0.0627586526239417,-0.03436960318233195,0.004998512952033073,0.09867692798333413,-0.1010022005625908,-0.03801824697598791,-0.021554231896443832,0.0852565367993028,-0.16951862732386058,0.045052398367318246,-0.02881228904778705,0.17935216387284056,-0.35393585116277143,0.007503310792240808,0.8132652408109159,-0.0037012560138767895,0.04764249318497342,-0.10786370348090142
4,0.24836072536354112,-0.21193138513162016,-0.005857013394518321,0.08690806618618994,0.1563741143494818,-1.753798781425726e-05,-0.005888369106354385,0.10390957637701587,-0.050369820423437996,0.004885016483002173,0.07072660870852457,-0.16984774353734075,0.006423200756184189,0.011464318788050194,0.17224641603078972,-0.1181554007220997,0.03265552722039114,0.17086513855793958,0.24159153768177824,-0.6080475202818505,-0.11819676088567156,-0.5411981435169597,-0.0567379670048047,-5.8267506067827844e-05,-0.04337783343184091
5,0.26168775734300376,0.0560391681325124,-0.01110624794561021,0.14530488201256744,-0.11394445705861467,0.015473445218326717,-0.03924055540468594,0.006702576420786407,0.009516574284966687,-0.0006581220916095364,-0.1807012796743263,0.2878057914991812,-0.05975821324059873,0.33037869127067726,-0.05926277113139958,0.07977106659907467,0.026492115871026133,0.07509960557577378,-0.018959458538169337,0.011765881200697744,-0.4267355841875016,0.06717222699143396,-0.21479257506704996,-0.6432926290369569,-0.027307660510520658
6,0.26299787748955133,-0.13109513011500795,-0.008525775219991373,0.09483141382407848,0.10627203537375216,-0.003119014593670941,-0.014715942287331469,0.08243727776274527,-0.025753146632149965,0.005034502081602473,0.08191924816061646,-0.0915192524388215,-0.02714474771507462,0.03171666242888747,0.17657993883893197,-0.1657616018506021,0.07973151171184617,-0.11746944719210943,-0.0068278248419458626,0.4218477333149464,-0.011889589356702455,-0.11762334080010207,0.3353105031808987,-0.0718090178927856,-0.6930834649652056
7,0.2624699826902151,-0.13340757845204063,-0.008070015786375779,0.09533309859007986,0.11060096626768111,-0.0031929647332142896,-0.014204329392682664,0.08356894423823438,-0.02699191775597138,0.00583562433988173,0.08483476489171372,-0.10269205504818545,-0.028515544461875555,0.02341043577673969,0.16429725792654543,-0.17210692019023008,0.06370012028541197,-0.11505790735752311,-0.054072173692481,0.3692450658089425,0.05793281222985975,-0.04346346832412658,-0.7628424497162692,0.21012970405965375,0.1426856560043039
8,0.26236000573586715,-0.13706719100002088,-0.007833308861301212,0.0866116725003217,0.11355640327109243,-0.00309157799874833,-0.012164106010023547,0.08088446989643798,-0.026426997179420316,0.004867788884485923,0.08582602274521745,-0.10499010153419812,-0.02305069543900476,0.01781103881990716,0.1475965673112848,-0.1711180814830162,0.06393166396412299,-0.07811469120294119,0.07284426827088683,0.2599268254288321,-0.013362127869049969,-0.014126949941759752,0.4649254919173734,-0.1803241129367546,0.694325680511656
9,-0.2364184155147777,-0.1372582585360011,-0.02642122412094934,0.2789522020670265,0.20971593457766427,-0.0202052624350942,-0.05195673603445776,0.17502782410811338,-0.03198486449955714,-0.0052682884698374444,-0.078993576378362,-0.022210615120987775,0.22568456351892938,0.19221230061791755,0.39658155074007523,0.20179778862715883,-0.03698452571762764,0.6077419090014364,-0.25917751829552593,0.07616115117019906,0.11377694076293533,0.13400252490939124,0.025927936981799713,0.008825807204996379,0.004976379950619053
10,0.2617275404508743,0.05575141743829876,-0.010909382281246986,0.1455531329509457,-0.11346826418573316,0.015674779949453602,-0.03839633489993737,0.007495711271996776,0.010229364811867857,-0.0010144952184972349,-0.17890833875745524,0.28894929722212476,-0.057306162573792015,0.33070630332442175,-0.06542045810273514,0.07348003601404449,0.03214977837657991,0.050596921157978716,0.0011040403700154984,0.017425591923906737,-0.34015922589542047,-0.004985631153778684,0.1869418848509831,0.7055362149219335,0.04624788926920554
11,0.26366327946120205,0.054150399973074075,-0.01037031961757639,0.13765166093115802,-0.10109148727977854,0.01505298727603182,-0.03537857488992084,0.00858127413918735,0.01097311797228814,0.0009168170894203383,-0.17167532438334304,0.2504739854076058,-0.05632654153272309,0.30733874655087845,-0.06679556123963284,0.057233718472198686,0.040284232383973634,-0.0623919648953793,0.09888552254314709,-0.10467084800792831,0.8145527185026926,-0.06970336552736824,0.018229147139696568,-0.06322812559531388,-0.009476867203397658
13,-0.014883874517956738,0.04667189561841198,0.050775674424841266,0.09779162206365025,0.029438728216795496,0.7430740663455663,0.6076019800667012,0.17296355746918687,0.17202709324529664,0.01131562923582597,0.0401232593779049,0.04120552315469249,-0.006505791300154693,-0.015626525252324365,0.0028575640754798823,0.0026721190947960357,-0.0002207623229917181,-0.0014171916115866769,-0.0015947321249226766,6.298125200130741e-05,-0.0006451811934192254,0.000347739764273701,-3.1469576925004704e-05,-0.0006863695493849528,1.8697459688467536e-05
14,-0.005987426260443693,0.02317448677009357,0.008374371283818419,-0.07142872392043412,0.17020808583653455,0.6413553586472708,-0.7071532280153034,-0.21319620973360343,-0.06987593642445246,0.04722415183291198,0.02998139139206076,0.014167510464637925,0.011355063296187653,-0.008512003789797206,-0.0011968180082584257,-0.0030274793007147942,-0.0015875030358606884,0.000853002782221472,-2.4717413311237375e-05,-0.0009184962914298155,0.00042295186692482107,0.0003075333002932058,2.102907130045378e-05,0.0004222375479266339,-0.0004447744691203606
16,-0.24559280381105392,-0.05177528092121211,-0.031317117921980886,0.20547584308744454,0.2485576033591894,-0.03457176722388008,-0.03321171832825284,0.15403076924827752,0.0017967563910832513,-0.009071349428499012,-0.0374033758993355,0.05676347706644197,0.3724202907639984,0.22324367917298646,-0.5198332558513582,-0.5828152785718573,-0.037367592939568414,-0.021203326690591152,-0.0219587306183965,-0.008923201119329274,-0.009316946594483063,-0.015097126312557236,-0.001120363577099677,-0.00519366711773434,-0.010278202407179337
17,0.2393049901909744,0.20659653211226495,0.008812626777842052,-0.21825325941517842,-0.12812854376647886,0.002571092454072261,0.04774381226194532,-0.13700837892637455,0.0012575599938676868,0.00418596683490159,0.10937567901570468,0.1091290791764352,-0.2680331328209583,-0.16416969058734243,-0.07959739772764433,-0.4510655242046362,-0.2914351357730465,0.6087694096572709,-0.11858188408588698,0.08169548284682775,0.0764306803272327,-0.010815447129037207,0.009322443014083323,0.003833310866057411,-0.007298852044148563
18,-0.0021092400389045624,-0.26716245623291845,-0.011016382140049946,-0.20819377435525896,0.3879999403659607,-0.09829200247224305,0.02280091272693719,-0.2919304077958946,0.7603057916654036,-0.027803405009022307,-0.14779987182657714,0.16856066285415172,-0.08041006522918677,0.03248421666503371,0.0489138987708602,-0.009874762795562583,0.006830003407541745,0.0020500137116727666,0.0030792791661427487,0.004909593340166967,0.0011440822990876525,-0.002710052742467808,-0.0023428512832561785,0.0003967939274807843,5.1596898439480654e-05
19,-0.06592883020269942,-0.16082383697371533,0.012687111160351853,-0.5092072399594432,0.399748284843926,0.030459961019562467,0.21563547291360585,-0.03383812828581621,-0.5444174543766318,-0.03451438131087539,-0.35937975929397586,0.14256913154817913,-0.15154265478195583,0.15164391698690083,0.04153698822241202,-0.033793745848866234,0.06761268235733117,-0.023011566080631214,-0.021924619230262107,0.021677460375881225,0.003214465615198299,-0.00024807860779112954,0.0005300812721929867,-0.0003413894944432832,0.003709706406585044
20,0.2606340979180987,-0.15531396454523938,0.008359148533774478,-0.0625433734731317,0.06179688960978492,0.010430045976425061,0.02262710934089006,-0.002105674822580655,0.0007067907666996511,0.004855538043971547,0.061896586537828396,-0.2346330219175342,0.006993425962908525,-0.1202268886884615,-0.5373668679851066,0.27760702385277836,0.561681304239267,0.2874258490300604,-0.2436491792359371,0.03156628600997987,0.04059161759957023,0.00545071085893256,0.011941134971097358,-0.000564764121047829,-0.000727420400947958
21,0.2489079128286343,-0.21219379719040057,-0.002120359250586494,0.019277661488700942,0.15173672595861645,0.010416040304594289,0.015668280702186326,0.05633607617376414,-0.04105004292484324,-0.003428967956337942,-0.039129124313937065,-0.2569379972793418,0.032337588640403155,0.03810070362307249,-0.3101078752491259,0.34130382549350513,-0.7537017014795323,-0.0688537399073271,-0.08284862160026925,0.04079008354358973,0.006545870269861171,0.010080822249205345,0.012406886876692377,6.241495295213563e-05,-0.007736526637986939
22,0.19516949230750905,-0.018807909795910144,0.03009405684028487,-0.4703838588569517,-0.23254158222418947,0.03510011405165369,0.0918064959078252,-0.18279838521403685,0.023776228496242526,-0.002034975347242209,0.2644494365713984,-0.02666637367572661,0.6791633119343803,0.30233388570963027,0.13159960460799755,0.010801712000534916,-0.01001247581164155,0.01596513307574817,-0.022516121877985924,0.0026756323148065487,0.00598582169773639,0.0025935255915629416,-0.0019802004137433995,9.556235201680854e-05,0.001922138816764688
23,-0.020432798193563712,-0.09125123693087904,-0.02365061072742356,0.4243061598687631,0.05928275859134561,-0.0020024103170301942,0.2421157335251609,-0.8246167996690894,-0.24430682936339376,-0.0024224637826770774,0.07244238280966042,-0.03777368486617432,0.0416858739867888,0.0032469444101394817,0.00038161545222160193,-0.02019879641054531,0.0004017238129646298,-0.0017723661398161728,-0.0003358792424854434,-0.0013264148590006741,0.00032319496223781217,0.0007846583616516861,0.00046491536697863725,5.880396902387624e-06,-0.0005880235476576718
24,0.2512206384032244,-0.029365325407173543,-0.0037769798686568584,0.09044342988309281,-0.037683278152362484,0.015811927271196128,-0.01101950018421135,0.015422358871639537,-0.03879445504582749,-0.025629828896203,-0.5028878333147612,0.2419994272874507,0.4568391384010096,-0.6307573742051131,0.06371528914981317,-0.03207886536995917,-0.017842769943720024,-0.00841307585870725,-0.010530643548335217,0.005805331957924526,-0.0008336368725209825,-9.646126087900434e-05,-0.00031224964710294725,0.0001479461081376926,-0.0005923552961443154
25,0.08321589128793876,0.5146426479167002,-0.040523717440787414,-0.019346735918140467,0.06015925302240241,0.011024242258141028,0.024556404847226803,-0.1060453650835916,0.13676235086234334,-0.017340105256429893,-0.4915786696963369,-0.6288566824687798,0.03467650901504554,0.18062126265881767,0.08194965073919544,-0.10336140594737839,0.05075505300680821,-0.00249018533816838,-0.0115669255174134,-0.010384194390273063,-0.01397775578284307,0.01553583347802169,0.002309299774490278,0.002092747756883891,-0.0010820017675168094
26,-0.1805556798695872,-0.37410273077727924,0.05734269966963971,-0.04496200757127463,-0.34272879629871195,0.08165991827355612,-0.021114174258264982,-0.031325552024608544,0.02064243293725157,0.0019496584759345979,-0.24553203472686022,-0.17936551046648685,-0.017605439147063726,0.050094543129579124,-0.11054724769052927,-0.0030089770010218284,0.008243241417586327,0.26929067359052894,0.6677130525668934,0.2568538091632122,-0.0014625515657237444,0.04113399935230001,-0.04633197031938429,0.010892299730128455,-0.016794661730480106
27,-0.07539374306212013,-0.4727375332524007,0.06811802608816604,-0.01504863674671586,-0.4638740701086495,0.09970821798499614,-0.044553299281839064,-0.02686033489137261,0.03635408320269134,0.007596264467757147,-0.24429847581725897,-0.16187504538530542,-0.14376047117040375,0.07731071834682039,0.08737179471397108,-0.25489494607609026,-0.00995604549800684,-0.1536150989349087,-0.5440717978078192,-0.17296075935269942,0.013312996527353486,0.0018560663559640154,0.040183347687629635,-0.007341069629698415,0.01231675686036015
