turbine,variable,count,mean,std,min,25%,50%,75%,max,range
No.2WT,1,1570.0,-0.0074363069732484065,0.04551920962978455,-0.160517901,-0.042804774,-0.010701193,0.021402387,0.117713131,0.278231032
No.2WT,2,1570.0,-0.011617012629936306,0.07393422322168186,-0.238556251,-0.065060794,-0.010843466,0.043373864,0.249399722,0.487955973
No.2WT,3,1570.0,26.311611052057323,1.4622011956180987,23.30022049,25.00022697,26.90021324,27.60026932,27.70029831,4.40007782
No.2WT,4,1570.0,29.2802896403758,1.6316581986152805,25.74820328,28.10027695,29.80032349,30.70035744,31.00039101,5.252187730000003
No.2WT,5,1570.0,315.30957773840765,117.13573319927298,96.32297516,198.1481056,316.2068329,425.548301725,516.9232788,420.60030364000005
No.2WT,6,1570.0,41.043635452184716,2.288937294874569,36.4981308,39.006883619999996,41.79811859,43.188135145000004,43.59815598,7.100025180000003
No.2WT,7,1570.0,40.906245079624206,2.2389210261255514,36.49592972,38.902282715,41.59571457,43.009490015,43.49568176,6.999752039999997
No.2WT,8,1570.0,41.079840469579615,2.2330440459400163,36.59460449,39.0947465925,41.794914245,43.115408895,43.53083038,6.936225889999996
No.2WT,9,1570.0,23574828.593630575,397.96146635551,23574057.0,23574489.0,23574923.0,23575179.0,23575361.0,1304.0
No.2WT,10,1570.0,320.6220291670064,117.09074774103522,103.6142883,203.18634035,321.1930237,431.056098925,523.1901855,419.5758972
No.2WT,11,1570.0,1320.3418102592357,146.66087866959765,1061.598389,1172.68942225,1326.3532715000001,1462.0410765,1555.433105,493.83471600000007
No.2WT,12,1570.0,1750.0,0.0,1750.0,1750.0,1750.0,1750.0,1750.0,0.0
No.2WT,13,1570.0,0.011045836745859875,0.014363661198661322,0.010393679,0.010393679,0.010393679,0.010393715,0.48396033,0.473566651
No.2WT,14,1570.0,-0.7541401273885351,1.5969014949053155,-6.0,-2.0,-1.0,0.0,4.0,10.0
No.2WT,15,1570.0,849.0,0.0,849.0,849.0,849.0,849.0,849.0,0.0
No.2WT,16,1570.0,223.6840952199363,15.406611267333155,200.8275146,212.394043,227.8347778,234.1609955,263.6973267,62.86981210000002
No.2WT,17,1570.0,9.043332314446497,1.4408967269969744,6.973917484,7.599900723,8.899900436,10.09989738,11.89989281,4.9259753260000005
No.2WT,18,1570.0,685.09100645,2.1487577017963586,678.0762329,683.7693481,685.2675171,686.4661255,697.8522339,19.77600099999995
No.2WT,19,1570.0,50.002318437490445,0.04538752323728317,49.90999985,49.95999908,50.02000046,50.04000092,50.08000183,0.1700019800000021
No.2WT,20,1570.0,17.62321287711465,0.3024499702085277,16.90044212,17.35846376,17.80043411,17.8004641525,17.97442245,1.0739803299999977
No.2WT,21,1570.0,22.91180506635032,0.2864152189823179,22.1996727,22.646198745,23.038644795,23.09968758,23.2016716,1.0019989000000002
No.2WT,22,1570.0,10.735649389745221,0.21972810598493378,10.39998627,10.69999218,10.69999409,10.69999695,11.10000038,0.7000141100000015
No.2WT,23,1570.0,5.1642737676955415,4.674216459433938,-10.76705933,2.0555959345,5.2217862605,8.229087591499999,18.36361313,29.13067246
No.2WT,24,1570.0,5.4797616466617844,0.7836901355653124,3.405390978,4.815130234,5.632003784,6.1020656825,7.370210171,3.9648191930000003
No.2WT,25,1570.0,16.922765954356052,2.5627279866246244,9.208575249,14.973872182500001,16.794665334999998,18.49472427,24.6065731,15.397997850999998
No.2WT,26,1570.0,53.21139495519109,3.145335022748197,49.60438156,51.00427246,51.50422287,56.10354614,60.00289154,10.39850998
No.2WT,27,1570.0,59.82228279119746,1.9001045146874496,56.00018311,58.59968185,59.4996109,61.4992981,63.95384598,7.953662869999995
No.2WT,28,1570.0,60.62561201117835,2.5904963590312957,55.0970993,58.79661942,59.99641037,63.59560394,65.59555817,10.49845887
No.3,1,698.0,0.0,0.0,0.0,0.0,0.0,0.0,0.0,0.0
No.3,2,698.0,49.985787956475654,0.030212425957524786,49.93000031,49.95999908,49.97999954,50.00999832,50.06000137,0.130001060000005
No.3,3,698.0,0.04419295899999998,1.3887739611035176e-17,0.044192959,0.044192959,0.044192959,0.044192959,0.044192959,0.0
No.3,4,698.0,13.457008962904009,10.42573212392392,-9.162272453,4.8174641135,13.155709739999999,21.0407581375,45.6687088,54.830981253
No.3,5,698.0,12.315186246418339,1.8751026851988997,12.0,12.0,12.0,12.0,28.0,16.0
No.3,6,698.0,67.30902615353583,126.47913224337513,0.797363281,8.454681396,16.588363649999998,21.49942017,359.4242249,358.626861619
No.3,7,698.0,88.99268729330947,0.0009053153287362629,88.96880341,88.99272156,88.99272156,88.99272156,88.99272156,0.023918150000000082
No.3,8,698.0,0.0,0.0,0.0,0.0,0.0,0.0,0.0,0.0
No.3,9,698.0,50.0,0.0,50.0,50.0,50.0,50.0,50.0,0.0
No.3,10,698.0,89.0,0.0,89.0,89.0,89.0,89.0,89.0,0.0
No.3,11,698.0,-0.009835707227793696,0.030756848620478762,-0.268351406,-0.022362618,-0.011181309,0.0,0.245988801,0.514340207
No.3,12,698.0,-0.009873084428366761,0.01842539255207134,-0.077806279,-0.022230364,-0.011115182,0.0,0.088921458,0.166727737
No.3,13,698.0,0.018486003641833816,0.022419084416755258,0.0,0.011181309,0.011181309,0.022362618,0.234807491,0.234807491
No.3,14,698.0,0.015096264406876789,0.00697490827571328,0.0,0.011115182,0.011115182,0.022230364,0.066691093,0.066691093
No.3,15,698.0,0.4200638166432665,2.003641600622435,-4.436512947,-1.298511267,0.201489612,2.001490593,6.101483345,10.537996291999999
No.3,16,698.0,4.061436929381088,1.5154340145128546,0.469661295,2.694674969,4.194668293,5.594663143,7.394650936,6.924989641
No.3,17,698.0,2.813633400431232,1.72498771872728,-0.924900711,1.396102071,2.496105671,4.296095848,7.196089268,8.120989978999999
No.3,18,698.0,42.451864438796555,1.340324088816609,40.0995636,41.3950939175,42.4996109,43.19962692,46.72668076,6.627117159999997
No.3,19,698.0,849.0,0.0,849.0,849.0,849.0,849.0,849.0,0.0
No.3,20,698.0,41.72202348581663,6.08908592113336,33.490448,36.62475967,40.577053070000005,45.8790140125,59.18908691,25.69863891
No.3,21,698.0,24.337734927191978,2.9124257208930096,19.59962082,21.69961929,24.207103725,27.09967422,28.6997261,9.100105280000001
No.3,22,698.0,27.726503678524356,4.66676461619331,20.30077553,23.6007843,27.383336065,32.00100708,35.20099258,14.900217049999998
No.3,23,698.0,38.239642560916906,2.836958359560834,33.29657364,35.7770738625,38.28560066,40.89662552,42.89670944,9.600135800000004
No.3,24,698.0,38.849477363424064,2.6131389471668482,34.29369354,36.59378052,38.887779234999996,41.290036205,43.26681519,8.973121650000003
No.3,25,698.0,38.91277607805157,2.4020550368671563,34.69684601,36.79681778,38.89687347,41.09687805,42.94187164,8.24502563
No.3,26,698.0,-0.15316603650286525,0.6433775032694071,-1.000620365,-0.700619936,-0.400620162,-0.00061999,1.999379754,3.000000119
No.3,27,698.0,-0.32616604593982806,0.8247724741125528,-4.399920464,-0.699925423,-0.199925393,0.36882469075,0.542075157,4.941995621
No.3,28,698.0,849.0,0.0,849.0,849.0,849.0,849.0,849.0,0.0
No.3,29,698.0,7.742139309399714,0.4489561814395066,6.99717617,7.397185326,7.697176933,8.097168922,8.597167015,1.5999908449999998
No.3,30,698.0,13.719401150501431,1.1183522652102582,11.5997448,12.99976158,13.79980469,14.49984264,15.5998745,4.0001297000000005
No.3,31,698.0,-5.7744622018309455,0.7967045147741276,-6.500510216,-6.2730071545,-6.10050869,-5.500508785,-0.82750845,5.6730017660000005
No.14WT,1,686.0,-0.009351583231778425,0.04067956230719432,-0.255578637,-0.03194733,-0.01064911,0.010701193,0.170385763,0.4259644
No.14WT,2,686.0,-0.008210918174927114,0.06398141360023371,-0.238556251,-0.043730792,-0.010843466,0.032530397,0.249399722,0.487955973
No.14WT,3,686.0,50.84781429219388,22.98050426369417,8.225802205,27.10021973,67.49754333,73.86800957,76.79769135,68.571889145
No.14WT,4,686.0,51.69132967264286,21.275022815488068,6.741785033,29.7003479,67.34849548,72.05983543,76.29862213,69.556837097
No.14WT,5,686.0,201.14330477407435,215.40221856913823,0.021912539,0.021912539,0.032577038,427.93775937500004,1021.722295,1021.700382461
No.14WT,6,686.0,59.39569095814869,17.52507623775445,41.09803391,42.19813919,62.978668215,76.5730819725,88.99421692,47.89618301
No.14WT,7,686.0,59.24228565879009,17.58512434105441,40.99573898,41.99568939,62.769577025000004,76.3734893825,89.271492,48.275753019999996
No.14WT,8,686.0,59.31566981260933,17.490491466309496,41.14894104,42.12090302,62.604082105,76.3709297175,89.29853821,48.14959717000001
No.14WT,9,685.0,24832225.899270073,1206705.9103741054,23574057.0,23574227.0,25987527.0,25987527.0,25990129.0,2416072.0
No.14WT,10,686.0,203.8452052049563,219.20316069281958,0.0,0.0,0.0,433.0461731,1256.034129,1256.034129
No.14WT,11,686.0,722.7728372532157,953.5228510618309,-19.69744492,5.298835397,23.886548995,1464.466583,17052.87489,17072.572334919998
No.14WT,12,686.0,862.7551020408164,849.8783879144146,0.0,50.0,50.0,1750.0,1750.0,1750.0
No.14WT,13,686.0,46.23661144180174,44.415620353050066,0.010393679,0.010393679,88.98946381,88.98946381,88.98963928,88.979245601
No.14WT,14,686.0,-0.26401233708454813,2.9453099372295926,-6.0,-1.0,0.0,0.0,68.0,74.0
No.14WT,15,686.0,847.7623906705539,32.41497062623547,0.0,849.0,849.0,849.0,849.0,849.0
No.14WT,16,686.0,101.53955917112974,97.20965422754452,3.306725264,9.745031357,13.27594185,204.64390945,204.6947021,201.387976836
No.14WT,17,686.0,24.520897006451897,12.969184796539142,2.299302276,11.09989738,35.19880295,36.5930566775,40.53183746,38.232535184
No.14WT,18,686.0,686.9233891169097,26.08603757579179,13.4752683,684.9678955,686.4661255,691.8594971,696.6536865,683.1784182
No.14WT,19,686.0,49.94386539987172,1.9103020984415549,0.001658082,49.95000076,50.04000092,50.04999924,50.09000015,50.088342068
No.14WT,20,686.0,27.251321789129737,9.121869517925095,0.100579793,17.80043602,35.70035553,35.8743276575,36.60040283,36.499823037
No.14WT,21,686.0,32.135009782348405,8.870190304418074,0.710903521,22.99964142,40.00029755,40.30031967,42.30041885,41.589515329
No.14WT,22,686.0,22.576131817737608,11.12761540383767,0.279567918,11.09999275,32.79961777,32.99962616,34.99970627,34.720138352
No.14WT,23,686.0,2.0736010347638483,8.047262027901649,-21.25112915,-1.932861328,2.9893713,6.90026473975,80.96842751,102.21955666
No.14WT,24,686.0,6.966985271973762,1.1936277692425505,1.014768864,6.067776561,6.6614589695,7.86384916275,11.03058434,10.015815476
No.14WT,25,686.0,35.39803774584548,15.905563550341533,13.37893999,18.6477088925,45.740182875,50.23566532,57.79567719,44.4167372
No.14WT,26,686.0,63.852771550597666,6.0240850758289355,23.29833785,59.29957962,61.39467239,68.77598381,77.49461365,54.19627580000001
No.14WT,27,686.0,64.9839610819242,6.6808562791071,41.20697279,60.49631882,61.09631348,69.29164124,84.56595612,43.358983329999994
No.39WT,1,1405.0,-0.008709108980071175,0.042626028962947635,-0.191948175,-0.032103579,-0.010663788,0.010701193,0.191948175,0.38389635
No.39WT,2,1405.0,-0.010233899897508898,0.06662391028692839,-0.238556251,-0.053608082,-0.010721616,0.032164849,0.249399722,0.487955973
No.39WT,3,1405.0,28.64357531234164,2.0716675123201855,1.11649393,27.30026817,27.70029068,30.30015564,32.70027542,31.583781489999996
No.39WT,4,1405.0,31.591654089679718,2.20773926835862,3.08895047,30.34835815,30.80041504,32.50056458,36.65161133,33.56266086
No.39WT,5,1405.0,266.59561012760906,196.40792210336778,-0.018688774,-0.017801523,335.7704163,429.109436,516.9232788,516.941967574
No.39WT,6,1405.0,44.25609661602206,2.742928447540916,2.747294521,42.75312424,43.29814911,45.99982071,50.79981232,48.052517799
No.39WT,7,1405.0,44.21694346725837,2.8834449514580345,2.403582668,42.5366745,43.09566116,46.29818726,50.79822159,48.394638922
No.39WT,8,1405.0,44.25047824226833,2.6970513254349804,1.921056497,42.72288895,43.26784515,46.19896317,50.19900131,48.277944813
No.39WT,9,1405.0,22361582.96487082,1792517.3216410703,423.6435041,19991061.0,23574305.0,23574705.0,23575045.0,23574621.3564959
No.39WT,10,1405.0,270.11674704740216,198.80871763931933,0.0,0.0,341.4618225,434.3824158,523.1901855,523.1901855
No.39WT,11,1405.0,962.6208765097965,660.0992893184746,0.010615269,44.55364227,1351.744019,1465.503174,1555.433105,1555.422489731
No.39WT,12,1405.0,1181.2811387900356,802.4347272006028,0.0,50.0,1750.0,1750.0,1750.0,1750.0
No.39WT,13,1405.0,29.710802696185056,41.97289711285006,0.009539475,0.010393679,0.010393679,88.99097443,88.99097443,88.981434955
No.39WT,14,1405.0,-0.5224184112483985,1.3889434189094587,-6.0,-1.0,0.0,0.0,4.0,10.0
No.39WT,15,1405.0,568.3148231113687,396.03280947977873,0.241120553,10.29989052,849.0,849.0,849.0,848.758879447
No.39WT,16,1405.0,240.0620550705082,39.36887459428447,3.465272264,204.6806946,219.8411865,294.631012,294.631012,291.165739736
No.39WT,17,1405.0,11.058537550964415,1.7700046313107265,0.962755573,9.899896622,10.79990101,12.38892365,14.49997711,13.537221536999999
No.39WT,18,1405.0,685.2222262334612,18.3548367673152,1.949660913,684.3686523,685.8668213,687.0653687,697.8522339,695.902572987
No.39WT,19,1405.0,49.962235297072596,1.334553394777629,0.000692427,49.95999908,50.0,50.04000092,50.08000183,50.079309403
No.39WT,20,1405.0,20.237778399781497,3.4660314095261215,0.240761483,17.80043602,17.90041161,24.59976768,25.89981651,25.659055027
No.39WT,21,1405.0,24.500102651636297,2.1170557583277536,0.201606909,23.09966087,23.14767075,27.00021362,28.10025597,27.898649061
No.39WT,22,1405.0,12.861248868544486,2.948042601629746,1.235559465,10.69999409,11.09999275,16.0999794,20.69997787,19.464418405
No.39WT,23,1405.0,3.943595730886833,4.817434931207683,-21.84039307,0.721802175,4.009283066,7.448071957,19.07095337,40.91134644
No.39WT,24,1405.0,6.883595546643416,1.393159375268879,0.936449422,5.87622118,6.297302723,7.933672905,10.47209644,9.535647017999999
No.39WT,25,1405.0,14.099224474747329,5.165329231100359,0.049013483,7.099740505,16.6946373,18.29469109,21.99471855,21.945705067000002
No.39WT,26,1405.0,63.9316598759573,7.21144109439927,11.514627,59.09968948,59.59950638,70.59722137,80.69753265,69.18290565
No.39WT,27,1405.0,63.84463405007829,7.200646640632194,49.37731727,59.39652252,60.59635544,65.89742279,88.29777527,38.920458
