block,component,first_observation,last_observation,observations,score_mean,score_sd,linear_slope_per_observation,raw_gamma_lag_1,detrended_gamma_lag_1,raw_gamma_lag_10,detrended_gamma_lag_10,raw_gamma_lag_30,detrended_gamma_lag_30,raw_gamma_lag_60,detrended_gamma_lag_60
early,PC1,1,549,549,-3.334755731611646,0.5640159539060381,-0.0017895083146098492,0.01247383213248961,0.012471851251119243,0.03125414886683658,0.031046467360822567,0.05824744873300044,0.05603107757515347,0.11167260484084077,0.10290261664205531
early,PC2,1,549,549,0.7503974628841316,0.6344153536074545,-0.003560795565091938,0.019317336948425138,0.019309987113458157,0.04397416278314554,0.043303327494333216,0.07416537386167622,0.06841591684333471,0.11024156676656685,0.08653490563998419
early,PC3,1,549,549,0.07815744337702926,1.1281585492100512,-0.00022604936264842613,1.362762593281993,1.3627629230590403,1.2177669407201814,1.2177683706806912,1.207559265175309,1.2074992930326147,1.2673568975837088,1.267232196491693
middle,PC1,550,1099,550,-0.8746027722548972,2.0266236721962203,0.01241680922579789,0.010447227861662743,0.01038369934140228,0.031619382049664524,0.025383422846299887,0.1305836343899374,0.07321312081174536,0.3779696570826247,0.13525392140301756
middle,PC2,550,1099,550,-1.1191503258805262,0.847218468484476,-0.004879915418578432,0.026218014542820026,0.026211654026988048,0.04400971158202551,0.04327791094393639,0.07849765759282185,0.0723243577567763,0.13699093431702683,0.1066822161655004
middle,PC3,550,1099,550,-0.09042236213783127,1.2641686261183311,0.0006956040077526739,1.6466217739335556,1.6466196725514033,1.732336846669723,1.732348812853956,1.5648082932720033,1.5649395158116648,1.5229490688804974,1.5223535234258332
late,PC1,1100,1570,471,4.908306627162816,0.9791009240486571,0.006414233992592761,0.008468160009589441,0.008431830685910411,0.02545391522978343,0.021666929988239932,0.1103772899728666,0.0796523318584072,0.2830088308139991,0.1733933333801784
late,PC2,1100,1570,471,0.4321963314472586,2.323337233165654,0.014125304911730172,0.03587923586303399,0.03585675039080653,0.20215304195497932,0.19885258262347155,0.7252123244584672,0.6938258789585197,1.8640014441917099,1.6764222731073555
late,PC3,1100,1570,471,0.01448803134174929,1.2433892424677822,-0.0012324658594446345,1.6105012145835813,1.6105005980808533,1.4301210086874687,1.4300298993028189,1.5419784291064456,1.5414199639385386,1.439907136811748,1.437783631087151
