turbine,statistic,alarm_observations,variable,mean_contribution
No.14WT,T2,360,1,2.1999409900415823
No.14WT,T2,360,2,-3.325048101627253
No.14WT,T2,360,3,5496.538250207933
No.14WT,T2,360,4,8920.114028710848
No.14WT,T2,360,5,-376.9771829358228
No.14WT,T2,360,6,3963.2461072157876
No.14WT,T2,360,7,4145.265581297406
No.14WT,T2,360,8,3977.013895107371
No.14WT,T2,360,9,4067181.142410628
No.14WT,T2,360,10,-387.9403762625469
No.14WT,T2,360,11,-1214.5444498550046
No.14WT,T2,360,13,21338022.900097273
No.14WT,T2,360,14,1489.2274408767685
No.14WT,T2,360,16,-7131.792756919676
No.14WT,T2,360,17,-11015.825335597148
No.14WT,T2,360,18,-455.0212121560944
No.14WT,T2,360,19,1591.9540177191889
No.14WT,T2,360,20,997.4112939824048
No.14WT,T2,360,21,16524.041192137476
No.14WT,T2,360,22,-93592.4444708434
No.14WT,T2,360,23,-871.5195383287275
No.14WT,T2,360,24,464.74545016576286
No.14WT,T2,360,25,-507.26038001449666
No.14WT,T2,360,26,-9.05945904234772
No.14WT,T2,360,27,0.49273119600908455
No.14WT,SPEx,376,1,28229.32357056959
No.14WT,SPEx,376,2,7299.347477953433
No.14WT,SPEx,376,3,11047.427096149202
No.14WT,SPEx,376,4,23870.489711437076
No.14WT,SPEx,376,5,30505.335118827035
No.14WT,SPEx,376,6,1022.8712256329861
No.14WT,SPEx,376,7,1652.1440593614157
No.14WT,SPEx,376,8,816.3776690127906
No.14WT,SPEx,376,9,21970540.00207081
No.14WT,SPEx,376,10,29715.351679428713
No.14WT,SPEx,376,11,29098.227805584254
No.14WT,SPEx,376,13,6377766.414740043
No.14WT,SPEx,376,14,8291809.86997622
No.14WT,SPEx,376,16,1066421.617898332
No.14WT,SPEx,376,17,1248210.6373146563
No.14WT,SPEx,376,18,35185.380399435526
No.14WT,SPEx,376,19,53519.30631482062
No.14WT,SPEx,376,20,116103.94804414245
No.14WT,SPEx,376,21,127.99798783449555
No.14WT,SPEx,376,22,2441264.257158304
No.14WT,SPEx,376,23,1166855.4039219373
No.14WT,SPEx,376,24,16080.876642330617
No.14WT,SPEx,376,25,112494.05303783988
No.14WT,SPEx,376,26,59030.81708279575
No.14WT,SPEx,376,27,15719.51889968556
No.39WT,T2,472,1,5.107675282305685
No.39WT,T2,472,2,-3.7848182403798454
No.39WT,T2,472,3,-794.1300192021913
No.39WT,T2,472,4,-1120.2188087675238
No.39WT,T2,472,5,-222.07145666977866
No.39WT,T2,472,6,-837.3838476355163
No.39WT,T2,472,7,-932.6185507615941
No.39WT,T2,472,8,-854.2363990646078
No.39WT,T2,472,9,8896943.71624665
No.39WT,T2,472,10,-225.47765836745742
No.39WT,T2,472,11,-646.4903471931619
No.39WT,T2,472,13,20739138.693844024
No.39WT,T2,472,14,1365.145283508783
No.39WT,T2,472,16,-3797.5703791096325
No.39WT,T2,472,17,1786.1074606222103
No.39WT,T2,472,18,952.1430131136381
No.39WT,T2,472,19,-3472.613784426743
No.39WT,T2,472,20,343.5455399951331
No.39WT,T2,472,21,-3690.0618048348356
No.39WT,T2,472,22,32550.500519790003
No.39WT,T2,472,23,481.08972117346815
No.39WT,T2,472,24,66.70429179100319
No.39WT,T2,472,25,-1108.5357416556812
No.39WT,T2,472,26,4400.585727149529
No.39WT,T2,472,27,5535.132914105154
No.39WT,SPEx,519,1,65249.3715203606
No.39WT,SPEx,519,2,999.7128902727808
No.39WT,SPEx,519,3,3542.4365359838775
No.39WT,SPEx,519,4,62416.27123053531
No.39WT,SPEx,519,5,354678.26916308695
No.39WT,SPEx,519,6,1972.8170839102772
No.39WT,SPEx,519,7,3321.280124104565
No.39WT,SPEx,519,8,2561.0844712648586
No.39WT,SPEx,519,9,52609941.17090389
No.39WT,SPEx,519,10,353957.4276295532
No.39WT,SPEx,519,11,352564.34907434776
No.39WT,SPEx,519,13,7123430.8056685245
No.39WT,SPEx,519,14,7828787.096076195
No.39WT,SPEx,519,16,2492410.7041142415
No.39WT,SPEx,519,17,2115927.5699327374
No.39WT,SPEx,519,18,1218974.8660112186
No.39WT,SPEx,519,19,10483.186735321418
No.39WT,SPEx,519,20,120752.97944505076
No.39WT,SPEx,519,21,5215.719360848503
No.39WT,SPEx,519,22,3362921.5818621735
No.39WT,SPEx,519,23,1272752.5706305064
No.39WT,SPEx,519,24,178701.75774368143
No.39WT,SPEx,519,25,804242.0091921799
No.39WT,SPEx,519,26,21772.939833791126
No.39WT,SPEx,519,27,198329.08051379884
