component,eigenvalue,n_observations
PC1,13.22673305901281,1570
PC2,2.700844950655991,1570
PC3,1.4718985973402803,1570
PC4,1.3223834839119217,1570
PC5,1.267671652799395,1570
PC6,1.013922021030925,1570
PC7,0.9809217595412494,1570
PC8,0.9147062767541244,1570
PC9,0.790061186766932,1570
PC10,0.5232713825224006,1570
PC11,0.26599292979630407,1570
PC12,0.23203687460643316,1570
PC13,0.13947943727181805,1570
PC14,0.09570811451228001,1570
PC15,0.020818378520472747,1570
PC16,0.013151526286094175,1570
PC17,0.008904458571033065,1570
PC18,0.004739250739259267,1570
PC19,0.0033137048097497753,1570
PC20,0.0014999895235553165,1570
PC21,0.0010398730584402207,1570
PC22,0.00036640028355577214,1570
PC23,0.0002015771336883148,1570
PC24,0.00018611956155724428,1570
PC25,0.0001469949897346108,1570
