variable,mean,std,PC1,PC2,PC3,PC4,PC5,PC6,PC7,PC8,PC9,PC10,PC11,PC12,PC13,PC14,PC15,PC16,PC17,PC18,PC19,PC20,PC21,PC22,PC23,PC24,PC25
1,-0.0074363069732484065,0.04551920962978455,-0.01344804643442258,-0.04297822791542513,-0.7015662740351005,-0.04773737773422479,-0.036971443461889665,0.012157848380260227,0.04194763032869957,0.004806695063836884,0.0028515575600505157,0.7066733399543522,-0.025730411890329576,0.00518782725935974,8.608463163603575e-05,-0.01046660328231838,-0.0005895867445305594,0.000564414341625171,-0.0014343546254640977,-0.0012194592790807316,0.0011076633788282182,0.0007120868269938554,-0.0007031899184839781,0.00030686532835970235,0.00019797190605856514,0.00026298276144741997,0.00010827220066088887
2,-0.011617012629936306,0.07393422322168186,0.00769812534648102,0.04237851872990084,0.7009944315767392,0.02496347533213416,0.06714428589238779,-0.07048469111808413,0.00799245085026014,-0.010142846267829799,0.00389872319165231,0.7035368685513421,-0.032009541730905665,0.0069581037900571146,0.01879680623477486,0.00766919441952311,0.0021090883212099808,-0.0010925685744384223,-0.002848422410578055,0.000641540803788613,-0.0020941086497594775,0.0006966408119443287,-0.0010628505110435184,0.00011263827941697217,0.0007482787327409914,-1.7172798880253702e-05,-1.7698960773998058e-05
3,26.311611052057323,1.4622011956180987,0.2643588341263449,-0.1317194215929922,-0.0041222467939498394,0.036896657687018726,0.11269302934204553,-0.0036061386586181965,0.0014949513059799417,0.06275865262394144,-0.03436960318233247,0.004998512952033559,0.09867692798333395,-0.10100220056259085,-0.03801824697598797,-0.021554231896443902,0.08525653679930231,-0.1695186273238602,0.04505239836731737,-0.02881228904778691,0.17935216387284006,-0.35393585116276977,0.007503310792242685,0.8132652408109178,-0.0037012560138865013,0.04764249318497248,-0.1078637034808961
4,29.2802896403758,1.6316581986152805,0.24836072536354117,-0.21193138513162033,-0.005857013394518339,0.0869080661861903,0.15637411434948162,-1.753798781361272e-05,-0.005888369106353839,0.10390957637701548,-0.05036982042343882,0.004885016483002277,0.07072660870852453,-0.16984774353734094,0.006423200756184051,0.011464318788050275,0.17224641603078994,-0.11815540072210036,0.032655527220390924,0.1708651385579397,0.2415915376817773,-0.6080475202818514,-0.11819676088567284,-0.5411981435169583,-0.05673796700480061,-5.826750606495886e-05,-0.04337783343184084
5,315.30957773840765,117.13573319927298,0.26168775734300376,0.05603916813251243,-0.011106247945610243,0.1453048820125674,-0.11394445705861457,0.015473445218327117,-0.039240555404685934,0.00670257642078642,0.009516574284966633,-0.0006581220916094232,-0.18070127967432592,0.2878057914991809,-0.059758213240598025,0.33037869127067737,-0.05926277113139968,0.07977106659907457,0.026492115871026567,0.07509960557577346,-0.018959458538169088,0.011765881200697237,-0.42673558418750146,0.06717222699143027,-0.21479257506704175,-0.6432926290369602,-0.027307660510528332
6,41.043635452184716,2.288937294874569,0.2629978774895513,-0.1310951301150081,-0.008525775219991353,0.09483141382407846,0.10627203537375186,-0.003119014593670452,-0.014715942287331094,0.08243727776274508,-0.025753146632150718,0.005034502081602568,0.08191924816061635,-0.0915192524388218,-0.02714474771507448,0.03171666242888719,0.17657993883893133,-0.16576160185060176,0.07973151171184614,-0.11746944719210936,-0.006827824841945529,0.42184773331494385,-0.011889589356704292,-0.11762334080009702,0.335310503180896,-0.0718090178927692,-0.6930834649652112
7,40.906245079624206,2.2389210261255514,0.2624699826902149,-0.13340757845204068,-0.008070015786375844,0.09533309859007967,0.11060096626768068,-0.0031929647332140476,-0.014204329392682364,0.08356894423823394,-0.026991917755972223,0.005835624339881497,0.08483476489171371,-0.10269205504818522,-0.028515544461875555,0.023410435776739805,0.16429725792654487,-0.17210692019022988,0.06370012028541158,-0.11505790735752397,-0.05407217369248009,0.3692450658089438,0.05793281222985935,-0.04346346832413414,-0.7628424497162711,0.21012970405963982,0.1426856560043123
8,41.079840469579615,2.2330440459400163,0.2623600057358671,-0.137067191000021,-0.00783330886130126,0.08661167250032173,0.11355640327109222,-0.003091577998748035,-0.01216410601002306,0.08088446989643748,-0.02642699717942095,0.004867788884485771,0.0858260227452174,-0.10499010153419833,-0.02305069543900483,0.017811038819906977,0.14759656731128507,-0.17111808148301585,0.06393166396412364,-0.07811469120294094,0.07284426827088684,0.25992682542883294,-0.01336212786904922,-0.014126949941759313,0.46492549191738225,-0.18032411293675857,0.6943256805116482
9,23574828.593630575,397.96146635551,-0.2364184155147777,-0.1372582585360012,-0.026421224120949362,0.2789522020670268,0.20971593457766374,-0.02020526243509279,-0.0519567360344568,0.17502782410811293,-0.03198486449955842,-0.005268288469837529,-0.07899357637836159,-0.022210615120987858,0.22568456351892927,0.19221230061791753,0.3965815507400754,0.20179778862715936,-0.03698452571762757,0.6077419090014358,-0.25917751829552493,0.07616115117020035,0.11377694076293655,0.1340025249093913,0.02592793698179741,0.008825807204995737,0.004976379950619145
10,320.6220291670064,117.09074774103522,0.2617275404508741,0.05575141743829884,-0.01090938228124703,0.14555313295094552,-0.11346826418573312,0.015674779949453783,-0.03839633489993708,0.0074957112719966105,0.010229364811867894,-0.0010144952184972828,-0.17890833875745485,0.28894929722212476,-0.05730616257379186,0.3307063033244221,-0.0654204581027348,0.0734800360140451,0.03214977837657954,0.05059692115797895,0.0011040403700152428,0.0174255919239073,-0.3401592258954201,-0.004985631153773582,0.18694188485097346,0.7055362149219357,0.046247889269215726
11,1320.3418102592357,146.66087866959765,0.2636632794612021,0.05415039997307393,-0.010370319617576512,0.13765166093115777,-0.10109148727977825,0.015052987276032355,-0.035378574889920494,0.008581274139187505,0.010973117972288018,0.0009168170894201975,-0.17167532438334224,0.2504739854076055,-0.05632654153272265,0.30733874655087845,-0.0667955612396327,0.05723371847219773,0.04028423238397368,-0.062391964895379834,0.09888552254314716,-0.10467084800792847,0.8145527185026927,-0.06970336552737025,0.018229147139698126,-0.06322812559531324,-0.009476867203400054
13,0.011045836745859875,0.014363661198661322,-0.014883874517956735,0.04667189561841194,0.050775674424841544,0.09779162206364869,0.02943872821679408,0.7430740663455631,0.6076019800667058,0.17296355746918476,0.1720270932452947,0.011315629235825953,0.040123259377904986,0.04120552315469211,-0.006505791300154784,-0.01562652525232467,0.0028575640754798398,0.0026721190947960557,-0.00022076232299168114,-0.001417191611586862,-0.001594732124922682,6.298125200133016e-05,-0.0006451811934193029,0.00034773976427375215,-3.14695769253711e-05,-0.0006863695493850567,1.869745968858528e-05
14,-0.7541401273885351,1.5969014949053155,-0.005987426260443676,0.023174486770093563,0.008374371283818507,-0.0714287239204322,0.17020808583653466,0.6413553586472749,-0.7071532280152992,-0.2131962097336048,-0.06987593642445168,0.04722415183291144,0.02998139139206123,0.014167510464637538,0.011355063296187712,-0.008512003789797565,-0.0011968180082584554,-0.0030274793007147613,-0.001587503035860692,0.0008530027822213797,-2.4717413311306072e-05,-0.0009184962914300497,0.00042295186692500023,0.00030753330029326256,2.1029071300334948e-05,0.000422237547926857,-0.00044477446912035925
16,223.6840952199363,15.406611267333155,-0.2455928038110539,-0.05177528092121238,-0.03131711792198077,0.20547584308744507,0.2485576033591891,-0.03457176722387888,-0.03321171832825213,0.15403076924827758,0.0017967563910820696,-0.009071349428498935,-0.03740337589933521,0.05676347706644186,0.3724202907639981,0.22324367917298593,-0.519833255851358,-0.5828152785718577,-0.03736759293956877,-0.02120332669059063,-0.021958730618397232,-0.008923201119328894,-0.00931694659448345,-0.015097126312556905,-0.0011203635770991867,-0.005193667117733729,-0.010278202407178976
17,9.043332314446497,1.4408967269969744,0.2393049901909745,0.20659653211226525,0.008812626777842137,-0.21825325941517865,-0.12812854376647848,0.002571092454071162,0.04774381226194466,-0.13700837892637457,0.0012575599938686587,0.004185966834901572,0.10937567901570448,0.10912907917643526,-0.2680331328209584,-0.16416969058734188,-0.07959739772764372,-0.4510655242046357,-0.2914351357730467,0.608769409657271,-0.11858188408588675,0.08169548284682904,0.07643068032723267,-0.010815447129037386,0.009322443014083196,0.003833310866057644,-0.007298852044148525
18,685.09100645,2.1487577017963586,-0.0021092400389045862,-0.2671624562329184,-0.011016382140049932,-0.20819377435525782,0.3879999403659606,-0.09829200247224319,0.02280091272693582,-0.29193040779588864,0.7603057916654056,-0.027803405009023632,-0.14779987182657647,0.16856066285415108,-0.08041006522918674,0.03248421666503399,0.048913898770860297,-0.009874762795562844,0.006830003407541973,0.0020500137116730775,0.003079279166142599,0.004909593340166958,0.0011440822990874994,-0.0027100527424677575,-0.002342851283256233,0.0003967939274806021,5.159689843925316e-05
19,50.002318437490445,0.04538752323728317,-0.06592883020269939,-0.16082383697371533,0.012687111160351967,-0.5092072399594422,0.39974828484392655,0.030459961019560947,0.21563547291360616,-0.03383812828582103,-0.5444174543766309,-0.034514381310874837,-0.35937975929397553,0.14256913154817896,-0.15154265478195544,0.15164391698690147,0.04153698822241205,-0.03379374584886618,0.06761268235733123,-0.023011566080631166,-0.021924619230262163,0.021677460375881107,0.0032144656151984912,-0.0002480786077910124,0.0005300812721930804,-0.0003413894944434819,0.003709706406584996
20,17.62321287711465,0.3024499702085277,0.2606340979180985,-0.15531396454523938,0.008359148533774423,-0.06254337347313155,0.061796889609784716,0.010430045976425072,0.022627109340889996,-0.002105674822580529,0.000706790766699622,0.004855538043971452,0.06189658653782818,-0.23463302191753382,0.006993425962908395,-0.12022688868846125,-0.5373668679851067,0.27760702385277786,0.5616813042392671,0.2874258490300604,-0.24364917923593754,0.03156628600997999,0.040591617599570494,0.005450710858932416,0.01194113497109694,-0.0005647641210473262,-0.0007274204009479437
21,22.91180506635032,0.2864152189823179,0.24890791282863417,-0.21219379719040066,-0.0021203592505865338,0.019277661488701085,0.15173672595861604,0.010416040304594787,0.015668280702186583,0.056336076173763745,-0.04105004292484348,-0.003428967956338014,-0.03912912431393705,-0.2569379972793413,0.03233758864040322,0.038100703623072,-0.3101078752491256,0.3413038254935059,-0.7537017014795314,-0.06885373990732684,-0.08284862160026872,0.0407900835435904,0.006545870269861354,0.010080822249204612,0.012406886876692558,6.241495295152592e-05,-0.007736526637986801
22,10.735649389745221,0.21972810598493378,0.19516949230750896,-0.018807909795910002,0.03009405684028475,-0.47038385885695183,-0.23254158222418866,0.03510011405165231,0.09180649590782403,-0.18279838521403652,0.02377622849624374,-0.00203497534724224,0.2644494365713987,-0.0266663736757269,0.6791633119343803,0.3023338857096291,0.13159960460799733,0.010801712000534681,-0.01001247581164142,0.015965133075748032,-0.022516121877985715,0.002675632314806585,0.005985821697736446,0.002593525591562851,-0.0019802004137434194,9.556235201665347e-05,0.0019221388167645155
23,5.1642737676955415,4.674216459433938,-0.02043279819356371,-0.0912512369308791,-0.023650610727423575,0.4243061598687618,0.05928275859134406,-0.002002410317035238,0.24211573352516066,-0.8246167996690917,-0.24430682936338705,-0.0024224637826772053,0.07244238280966024,-0.037773684866174446,0.04168587398678872,0.0032469444101392328,0.00038161545222159304,-0.020198796410545387,0.00040172381296455564,-0.0017723661398161663,-0.00033587924248536634,-0.0013264148590002725,0.00032319496223793973,0.0007846583616516955,0.0004649153669787018,5.8803969026668915e-06,-0.0005880235476574566
24,5.4797616466617844,0.7836901355653124,0.2512206384032243,-0.02936532540717366,-0.0037769798686568858,0.09044342988309297,-0.03768327815236245,0.015811927271195875,-0.0110195001842112,0.01542235887163913,-0.03879445504582714,-0.02562982889620306,-0.5028878333147616,0.241999427287451,0.4568391384010086,-0.6307573742051129,0.06371528914981317,-0.03207886536995938,-0.017842769943719857,-0.008413075858707075,-0.010530643548335475,0.00580533195792449,-0.0008336368725209637,-9.64612608791467e-05,-0.00031224964710314305,0.00014794610813806275,-0.0005923552961441566
25,16.922765954356052,2.5627279866246244,0.08321589128793874,0.5146426479167003,-0.04052371744078712,-0.01934673591813985,0.0601592530224026,0.011024242258140996,0.024556404847226564,-0.10604536508359026,0.13676235086234442,-0.01734010525643015,-0.49157866969633646,-0.6288566824687798,0.03467650901504574,0.180621262658818,0.08194965073919526,-0.10336140594737818,0.05075505300680793,-0.0024901853381684275,-0.011566925517413324,-0.010384194390272883,-0.013977755782842978,0.015535833478021663,0.002309299774490045,0.0020927477568840227,-0.0010820017675166982
26,53.21139495519109,3.145335022748197,-0.18055567986958712,-0.3741027307772791,0.057342699669639514,-0.04496200757127541,-0.3427287962987116,0.0816599182735559,-0.0211141742582652,-0.03132555202460858,0.020642432937251966,0.001949658475935073,-0.24553203472686022,-0.17936551046648674,-0.01760543914706375,0.050094543129579,-0.11054724769052975,-0.003008977001021855,0.008243241417586927,0.2692906735905288,0.6677130525668935,0.2568538091632116,-0.0014625515657235362,0.0411339993522988,-0.04633197031938437,0.010892299730127756,-0.016794661730479773
27,59.82228279119746,1.9001045146874496,-0.07539374306212006,-0.4727375332524007,0.06811802608816565,-0.015048636746716748,-0.4638740701086491,0.09970821798499614,-0.04455329928183936,-0.02686033489137224,0.036354083202691574,0.007596264467757489,-0.24429847581725875,-0.1618750453853054,-0.1437604711704037,0.07731071834682109,0.08737179471397159,-0.2548949460760899,-0.00995604549800784,-0.1536150989349087,-0.5440717978078193,-0.17296075935269864,0.013312996527353285,0.0018560663559649623,0.04018334768762958,-0.007341069629697719,0.012316756860359955
