turbine,period,observations,statistic,variable,mean_contribution,mean_normalised_contribution,percent_above_healthy_percentile,mean_signed_residual,absolute_mean_normalised_contribution,rank
No.14WT,A: fault period (before variable 13 transition),357,SPEx,13,35042289.15226467,160373535.21788564,100.0,5915.213095426215,160373535.21788564,1
No.14WT,A: fault period (before variable 13 transition),357,SPEx,9,22262233.857210185,68357544.27646819,100.0,4718.280836789352,68357544.27646819,2
No.14WT,A: fault period (before variable 13 transition),357,SPEx,16,1474266.6507738591,4457005.790440775,100.0,-1214.1761620811944,4457005.790440775,3
No.14WT,A: fault period (before variable 13 transition),357,SPEx,17,1340330.685498769,4201337.752189079,100.0,1157.717925834712,4201337.752189079,4
No.14WT,A: fault period (before variable 13 transition),357,SPEx,22,3097499.150366937,3848584.416478172,100.0,1759.92640520743,3848584.416478172,5
No.14WT,A: fault period (before variable 13 transition),357,SPEx,20,156993.74173208178,1029306.4019235526,100.0,396.2050868847824,1029306.4019235526,6
No.14WT,A: fault period (before variable 13 transition),357,SPEx,23,1247458.0387242334,274217.518724193,100.0,-1116.8597865318238,274217.518724193,7
No.14WT,A: fault period (before variable 13 transition),357,SPEx,11,58733.64904696444,241564.65043130209,100.0,242.3354365439985,241564.65043130209,8
No.14WT,A: fault period (before variable 13 transition),357,SPEx,10,60995.51621744626,196156.75882505762,100.0,246.96086050356607,196156.75882505762,9
No.14WT,A: fault period (before variable 13 transition),357,SPEx,5,61706.618263565215,195974.16249602946,100.0,248.39613201205617,195974.16249602946,10
No.14WT,A: fault period (before variable 13 transition),357,SPEx,4,25164.872954950726,170535.76550720754,100.0,-158.6305754586496,170535.76550720754,11
No.14WT,A: fault period (before variable 13 transition),357,SPEx,27,101249.43319806027,170261.9683395846,100.0,318.11206015556115,170261.9683395846,12
No.14WT,A: fault period (before variable 13 transition),357,SPEx,3,8393.556281038609,123541.15958174312,100.0,91.60936586333113,123541.15958174312,13
No.14WT,A: fault period (before variable 13 transition),357,SPEx,19,139117.28679675583,55273.17812963104,100.0,372.84191122722183,55273.17812963104,14
No.14WT,A: fault period (before variable 13 transition),357,SPEx,25,154825.58340717328,43327.24727117208,100.0,393.4349521586767,43327.24727117208,15
No.14WT,A: fault period (before variable 13 transition),357,SPEx,7,3134.5713315352887,38881.408080205176,100.0,-55.94368319004599,38881.408080205176,16
No.14WT,A: fault period (before variable 13 transition),357,SPEx,24,40347.93580377923,36685.90628594723,100.0,200.86050808647715,36685.90628594723,17
No.14WT,A: fault period (before variable 13 transition),357,SPEx,26,13572.298276868876,30577.797928738884,100.0,116.34560502306225,30577.797928738884,18
No.14WT,A: fault period (before variable 13 transition),357,SPEx,1,51465.13246275069,27801.49848842019,100.0,226.6391165037566,27801.49848842019,19
No.14WT,A: fault period (before variable 13 transition),357,SPEx,2,52008.46664739232,27169.543369283325,100.0,-227.8432231107866,27169.543369283325,20
No.14WT,A: fault period (before variable 13 transition),357,SPEx,6,2186.3280143419215,25842.322110531302,100.0,-46.712493849558484,25842.322110531302,21
No.14WT,A: fault period (before variable 13 transition),357,SPEx,8,1857.3797466429132,23497.288772409727,100.0,-43.041644920626695,23497.288772409727,22
No.14WT,A: fault period (before variable 13 transition),357,SPEx,18,61917.77555988564,12392.034892153986,100.0,-248.7656744617243,12392.034892153986,23
No.14WT,A: fault period (before variable 13 transition),357,SPEx,21,1252.5257130983357,5591.422360314515,100.0,35.28244506392046,5591.422360314515,24
No.14WT,A: fault period (before variable 13 transition),357,SPEx,14,6805.956796316698,1154.3988578842132,100.0,-82.46967936555646,1154.3988578842132,25
No.14WT,A: fault period (before variable 13 transition),357,T2,13,1214838.1460665164,98786953.571199,100.0,5915.213095426215,98786953.571199,1
No.14WT,A: fault period (before variable 13 transition),357,T2,9,4639089.755549298,2903042.500711956,100.0,4718.280836789352,2903042.500711956,2
No.14WT,A: fault period (before variable 13 transition),357,T2,22,-110320.27247180072,-55170.266062396135,100.0,1759.92640520743,55170.266062396135,3
No.14WT,A: fault period (before variable 13 transition),357,T2,21,13835.332333341405,21646.68795650357,100.0,35.28244506392046,21646.68795650357,4
No.14WT,A: fault period (before variable 13 transition),357,T2,4,9001.537786753608,14858.3547917502,100.0,-158.6305754586496,14858.3547917502,5
No.14WT,A: fault period (before variable 13 transition),357,T2,3,6050.086926737902,12709.401829574383,100.0,91.60936586333113,12709.401829574383,6
No.14WT,A: fault period (before variable 13 transition),357,T2,7,4392.033741257294,10730.036123282236,100.0,-55.94368319004599,10730.036123282236,7
No.14WT,A: fault period (before variable 13 transition),357,T2,6,4199.29472291673,10486.901723370342,100.0,-46.712493849558484,10486.901723370342,8
No.14WT,A: fault period (before variable 13 transition),357,T2,8,4214.979249861305,9914.969042173261,100.0,-43.041644920626695,9914.969042173261,9
No.14WT,A: fault period (before variable 13 transition),357,T2,16,-9312.649505696536,-9369.094403992636,100.0,-1214.1761620811944,9369.094403992636,10
No.14WT,A: fault period (before variable 13 transition),357,T2,17,-11331.83972218181,-8132.634733376138,100.0,1157.717925834712,8132.634733376138,11
No.14WT,A: fault period (before variable 13 transition),357,T2,20,-1799.3440381966125,-2638.333748546911,100.0,396.2050868847824,2638.333748546911,12
No.14WT,A: fault period (before variable 13 transition),357,T2,11,-681.5457666893928,-1493.227688447213,100.0,242.3354365439985,1493.227688447213,13
No.14WT,A: fault period (before variable 13 transition),357,T2,27,-2247.5967700051337,-1030.5493016960932,100.0,318.11206015556115,1030.5493016960932,14
No.14WT,A: fault period (before variable 13 transition),357,T2,26,-1744.3922071645195,-1020.9769394798632,100.0,116.34560502306225,1020.9769394798632,15
No.14WT,A: fault period (before variable 13 transition),357,T2,25,-1147.617084972371,-687.148807780249,100.0,393.4349521586767,687.148807780249,16
No.14WT,A: fault period (before variable 13 transition),357,T2,24,263.3359609872379,673.6865064171865,100.0,200.86050808647715,673.6865064171865,17
No.14WT,A: fault period (before variable 13 transition),357,T2,23,-913.590984461731,-511.48608343627666,100.0,-1116.8597865318238,511.48608343627666,18
No.14WT,A: fault period (before variable 13 transition),357,T2,10,-205.97667602086628,-405.4400237591383,100.0,246.96086050356607,405.4400237591383,19
No.14WT,A: fault period (before variable 13 transition),357,T2,5,-199.58885016690107,-393.95210971450166,100.0,248.39613201205617,393.95210971450166,20
No.14WT,A: fault period (before variable 13 transition),357,T2,18,383.3251428293087,217.03379855725706,100.0,-248.7656744617243,217.03379855725706,21
No.14WT,A: fault period (before variable 13 transition),357,T2,19,-245.71946805456474,-161.54077959196155,100.0,372.84191122722183,161.54077959196155,22
No.14WT,A: fault period (before variable 13 transition),357,T2,14,42.04951463795688,74.86191394711012,100.0,-82.46967936555646,74.86191394711012,23
No.14WT,A: fault period (before variable 13 transition),357,T2,2,4.984403372040579,1.8521819571341323,87.6750700280112,-227.8432231107866,1.8521819571341323,24
No.14WT,A: fault period (before variable 13 transition),357,T2,1,3.0530905408936047,0.9929484484598039,100.0,226.6391165037566,0.9929484484598039,25
No.39WT,A: fault period (before variable 13 transition),469,SPEx,13,40509248.54134626,185393464.71820953,100.0,6364.6841862011615,185393464.71820953,1
No.39WT,A: fault period (before variable 13 transition),469,SPEx,9,54821650.39375593,168333214.81287545,100.0,-7404.16430741445,168333214.81287545,2
No.39WT,A: fault period (before variable 13 transition),469,SPEx,17,2081813.0831809214,6525553.726403275,100.0,-1442.8484241717847,6525553.726403275,3
No.39WT,A: fault period (before variable 13 transition),469,SPEx,16,2026757.0568898327,6127295.8549479665,100.0,1423.641427173613,6127295.8549479665,4
No.39WT,A: fault period (before variable 13 transition),469,SPEx,22,2762981.512868516,3432952.545663613,100.0,-1662.2190862500668,3432952.545663613,5
No.39WT,A: fault period (before variable 13 transition),469,SPEx,11,284963.82281636837,1172022.9776488107,100.0,-533.8198994114657,1172022.9776488107,6
No.39WT,A: fault period (before variable 13 transition),469,SPEx,10,282942.72183382115,909921.4284899761,100.0,-531.9234538518443,909921.4284899761,7
No.39WT,A: fault period (before variable 13 transition),469,SPEx,5,284527.9742767193,903632.9170949812,100.0,-533.411485683242,903632.9170949812,8
No.39WT,A: fault period (before variable 13 transition),469,SPEx,20,87081.91773153793,570939.7994081656,100.0,-295.0959065084186,570939.7994081656,9
No.39WT,A: fault period (before variable 13 transition),469,SPEx,4,62768.98275274682,425368.9872788531,100.0,250.53726235204934,425368.9872788531,10
No.39WT,A: fault period (before variable 13 transition),469,SPEx,23,1229094.6258997861,270180.8542884275,100.0,1108.6447961151498,270180.8542884275,11
No.39WT,A: fault period (before variable 13 transition),469,SPEx,25,743129.6099109268,207961.49870440993,100.0,-862.0478250253828,207961.49870440993,12
No.39WT,A: fault period (before variable 13 transition),469,SPEx,26,55885.82937002431,125908.3437967898,100.0,236.40033502587326,125908.3437967898,13
No.39WT,A: fault period (before variable 13 transition),469,SPEx,24,126466.20434086451,114987.97220634627,100.0,-355.61961460038015,114987.97220634627,14
No.39WT,A: fault period (before variable 13 transition),469,SPEx,18,458743.166707562,91811.45926147063,100.0,677.3056887903614,91811.45926147063,15
No.39WT,A: fault period (before variable 13 transition),469,SPEx,3,5551.8659484887185,81715.53679435384,100.0,-74.51072210972397,81715.53679435384,16
No.39WT,A: fault period (before variable 13 transition),469,SPEx,21,14971.858319303441,66836.13957507774,100.0,122.35802947890527,66836.13957507774,17
No.39WT,A: fault period (before variable 13 transition),469,SPEx,1,106482.51855462613,57521.92672936896,100.0,326.316208204837,57521.92672936896,18
No.39WT,A: fault period (before variable 13 transition),469,SPEx,2,93325.23278857027,48753.67652902446,100.0,-305.4912130023394,48753.67652902446,19
No.39WT,A: fault period (before variable 13 transition),469,SPEx,7,1804.7249295394872,22385.91470291266,100.0,42.48181080173795,22385.91470291266,20
No.39WT,A: fault period (before variable 13 transition),469,SPEx,8,1311.3162723626342,16589.163944183176,100.0,36.211813202656785,16589.163944183176,21
No.39WT,A: fault period (before variable 13 transition),469,SPEx,6,874.4855566097964,10336.38927309806,100.0,29.57132896845287,10336.38927309806,22
No.39WT,A: fault period (before variable 13 transition),469,SPEx,14,16122.261758127766,2734.592815835291,100.0,126.97296626926796,2734.592815835291,23
No.39WT,A: fault period (before variable 13 transition),469,SPEx,19,5727.759821515002,2275.716384268394,100.0,75.67640215493387,2275.716384268394,24
No.39WT,A: fault period (before variable 13 transition),469,SPEx,27,188.39723151306464,316.8104991204762,100.0,13.684938464782118,316.8104991204762,25
No.39WT,A: fault period (before variable 13 transition),469,T2,13,-860784.5460130734,-69996388.61944592,100.0,6364.6841862011615,69996388.61944592,1
No.39WT,A: fault period (before variable 13 transition),469,T2,9,7307670.24651952,4572982.723918531,100.0,-7404.16430741445,4572982.723918531,2
No.39WT,A: fault period (before variable 13 transition),469,T2,22,28868.51853234632,14436.910030872798,100.0,-1662.2190862500668,14436.910030872798,3
No.39WT,A: fault period (before variable 13 transition),469,T2,21,-4841.598339688654,-7575.139212044822,100.0,122.35802947890527,7575.139212044822,4
No.39WT,A: fault period (before variable 13 transition),469,T2,16,-3246.317127472032,-3265.9933796476303,100.0,1423.641427173613,3265.9933796476303,5
No.39WT,A: fault period (before variable 13 transition),469,T2,7,-982.0612812570804,-2399.2422745251397,100.0,42.48181080173795,2399.2422745251397,6
No.39WT,A: fault period (before variable 13 transition),469,T2,6,-886.163861869925,-2213.0176478247886,100.0,29.57132896845287,2213.0176478247886,7
No.39WT,A: fault period (before variable 13 transition),469,T2,8,-906.5509999100866,-2132.4956936752396,100.0,36.211813202656785,2132.4956936752396,8
No.39WT,A: fault period (before variable 13 transition),469,T2,4,-1231.6021863971614,-2032.9395578068224,100.0,250.53726235204934,2032.9395578068224,9
No.39WT,A: fault period (before variable 13 transition),469,T2,3,-805.8374861382434,-1692.8207056666472,100.0,-74.51072210972397,1692.8207056666472,10
No.39WT,A: fault period (before variable 13 transition),469,T2,17,1821.2311234558424,1307.061152932621,100.0,-1442.8484241717847,1307.061152932621,11
No.39WT,A: fault period (before variable 13 transition),469,T2,20,-875.462543093054,-1283.6691171889847,100.0,-295.0959065084186,1283.6691171889847,12
No.39WT,A: fault period (before variable 13 transition),469,T2,26,2019.358284666117,1181.912091056063,100.0,236.40033502587326,1181.912091056063,13
No.39WT,A: fault period (before variable 13 transition),469,T2,27,2573.342836494224,1179.9076678543674,100.0,13.684938464782118,1179.9076678543674,14
No.39WT,A: fault period (before variable 13 transition),469,T2,24,-237.59209680153444,-607.8265537547184,100.0,-355.61961460038015,607.8265537547184,15
No.39WT,A: fault period (before variable 13 transition),469,T2,25,-896.3453932793115,-536.6970189068123,100.0,-862.0478250253828,536.6970189068123,16
No.39WT,A: fault period (before variable 13 transition),469,T2,23,516.0323249109032,288.9075716423626,100.0,1108.6447961151498,288.9075716423626,17
No.39WT,A: fault period (before variable 13 transition),469,T2,18,-310.9159306565708,-176.03662771582987,100.0,677.3056887903614,176.03662771582987,18
No.39WT,A: fault period (before variable 13 transition),469,T2,14,-52.10104126111202,-92.75692480700927,100.0,126.97296626926796,92.75692480700927,19
No.39WT,A: fault period (before variable 13 transition),469,T2,11,-30.910993415816638,-67.7242138413025,100.0,-533.8198994114657,67.7242138413025,20
No.39WT,A: fault period (before variable 13 transition),469,T2,5,-27.50073255501656,-54.28144708325852,100.0,-533.411485683242,54.28144708325852,21
No.39WT,A: fault period (before variable 13 transition),469,T2,10,-25.006726252876593,-49.2226978411743,100.0,-531.9234538518443,49.2226978411743,22
No.39WT,A: fault period (before variable 13 transition),469,T2,19,7.159497994668119,4.706793876376736,100.0,75.67640215493387,4.706793876376736,23
No.39WT,A: fault period (before variable 13 transition),469,T2,1,7.607970655760358,2.4743198923782646,100.0,326.316208204837,2.4743198923782646,24
No.39WT,A: fault period (before variable 13 transition),469,T2,2,3.578891474366663,1.3299000342842122,84.43496801705757,-305.4912130023394,1.3299000342842122,25
