component,eigenvalue,explained_variance_percent,cumulative_variance_percent,kaiser_eigenvalue_above_1
PC1,11.37145150456857,45.48580601827427,45.48580601827427,True
PC2,4.7708756718185805,19.08350268727432,64.56930870554858,True
PC3,1.6263579880169157,6.505431952067661,71.07474065761625,True
PC4,1.3819881111182586,5.527952444473033,76.60269310208928,True
PC5,1.0484828369714845,4.193931347885937,80.79662444997521,True
PC6,0.9982419960306972,3.9929679841227874,84.789592434098,False
PC7,0.8824942357290224,3.5299769429160888,88.31956937701409,False
PC8,0.8440704634294182,3.376281853717672,91.69585123073176,False
PC9,0.6223538241402267,2.489415296560906,94.18526652729267,False
PC10,0.5201175484019571,2.080470193607828,96.26573672090049,False
PC11,0.29946493048263156,1.1978597219305258,97.46359644283102,False
PC12,0.2653160241861343,1.061264096744537,98.52486053957557,False
PC13,0.15416954737340635,0.6166781894936252,99.1415387290692,False
PC14,0.0886729611146772,0.3546918444587087,99.4962305735279,False
PC15,0.0709477709049354,0.2837910836197415,99.78002165714764,False
PC16,0.028763620044039893,0.11505448017615953,99.8950761373238,False
PC17,0.010644595338842678,0.0425783813553707,99.93765451867918,False
PC18,0.0056001539122849135,0.022400615649139647,99.96005513432831,False
PC19,0.0030975625281661804,0.012390250112664718,99.97244538444097,False
PC20,0.0025103511790887574,0.010041404716355026,99.98248678915733,False
PC21,0.0013155858329796024,0.005262343331918408,99.98774913248924,False
PC22,0.0011543834881743416,0.0046175339526973655,99.99236666644194,False
PC23,0.0009998484940150884,0.003999393976060353,99.99636606041801,False
PC24,0.0006642052305730337,0.002656820922292134,99.9990228813403,False
PC25,0.00024427966492796753,0.00097711865971187,100.0,False
